City_ID,City,Lat,Lng,Max Temp,Humidity,Cloudiness,Wind Speed,Country,Date
0,tasiilaq,65.61,-37.64,37.4,93,2,6.93,GL,1594100628
1,busselton,-33.65,115.33,60.01,73,99,4.0,AU,1594100628
2,inuvik,68.35,-133.72,48.2,76,20,10.29,CA,1594100628
3,parian dakula,5.56,120.77,83.37,69,97,4.94,PH,1594100628
4,kikwit,-5.04,18.82,72.57,42,32,1.9,CD,1594100628
5,bluff,-46.6,168.33,39.0,83,94,3.0,NZ,1594100628
6,kapaa,22.08,-159.32,78.8,74,40,10.29,US,1594100628
7,bredasdorp,-34.53,20.04,55.4,71,49,8.05,ZA,1594100628
8,severo-kurilsk,50.68,156.12,55.49,82,15,4.81,RU,1594100628
9,pangnirtung,66.15,-65.71,42.35,77,49,1.95,CA,1594100628
10,barrow,71.29,-156.79,35.6,81,90,17.22,US,1594100461
11,avarua,-21.21,-159.78,71.6,83,98,13.87,CK,1594100628
12,kaitangata,-46.28,169.85,46.0,73,97,7.0,NZ,1594100628
13,kahului,20.89,-156.47,82.4,54,40,13.87,US,1594100347
14,khani,41.96,42.96,91.4,26,0,23.04,GE,1594100629
15,jamestown,42.1,-79.24,68.0,88,1,2.04,US,1594100448
16,bonavista,48.65,-53.11,45.0,86,44,1.99,CA,1594100629
17,castro,-24.79,-50.01,56.59,97,71,4.29,BR,1594100629
18,praia,14.92,-23.51,75.2,83,20,5.82,CV,1594100629
19,albany,42.6,-73.97,75.2,69,20,9.17,US,1594100629
20,magadan,59.57,150.8,57.11,62,86,8.41,RU,1594100629
21,beatrice,40.27,-96.75,75.2,83,1,6.38,US,1594100460
22,saskylakh,71.92,114.08,63.84,39,24,12.01,RU,1594100629
23,tshikapa,-6.42,20.8,67.19,37,33,1.92,CD,1594100629
24,kavieng,-2.57,150.8,84.02,75,36,10.78,PG,1594100629
25,chekhov,55.14,37.47,77.0,69,0,6.71,RU,1594100629
26,nikolskoye,59.7,30.79,63.0,82,85,4.47,RU,1594100629
27,lompoc,34.64,-120.46,55.4,87,0,10.29,US,1594100510
28,grindavik,63.84,-22.43,46.4,100,91,2.24,IS,1594100629
29,souillac,-20.52,57.52,75.2,88,75,6.93,MU,1594100629
30,dromolaxia,34.88,33.59,84.2,74,40,4.7,CY,1594100629
31,maryville,35.76,-83.97,78.8,65,90,8.05,US,1594100475
32,atambua,-9.11,124.89,79.84,65,38,3.38,ID,1594100629
33,mataura,-46.19,168.86,39.0,83,91,3.0,NZ,1594100630
34,pevek,69.7,170.31,48.9,65,91,9.8,RU,1594100630
35,kargasok,59.06,80.86,76.62,45,33,10.07,RU,1594100630
36,butaritari,3.07,172.79,83.37,75,7,11.36,KI,1594100630
37,hermanus,-34.42,19.23,55.99,67,78,1.01,ZA,1594100630
38,gobabis,-22.45,18.97,35.6,55,0,2.24,NA,1594100630
39,ushuaia,-54.8,-68.3,35.6,69,75,5.82,AR,1594100416
40,puerto ayora,-0.74,-90.35,66.99,97,82,7.92,EC,1594100630
41,charlestown,-32.95,151.67,64.0,63,2,1.99,AU,1594100630
42,punta arenas,-53.15,-70.92,24.8,92,26,8.05,CL,1594100630
43,bilma,18.69,12.92,85.71,17,57,1.59,NE,1594100630
44,pitimbu,-7.47,-34.81,73.71,84,7,9.64,BR,1594100630
45,luderitz,-26.65,15.16,53.6,76,96,13.87,NA,1594100630
46,mount gambier,-37.83,140.77,53.6,76,90,5.82,AU,1594100630
47,qaanaaq,77.48,-69.36,41.83,65,0,1.48,GL,1594100630
48,vangaindrano,-23.35,47.6,69.28,82,8,1.68,MG,1594100630
49,yumen,40.28,97.2,91.02,13,69,12.35,CN,1594100630
50,lebu,-37.62,-73.65,43.47,72,77,7.94,CL,1594100630
51,vao,-22.67,167.48,69.39,77,99,15.43,NC,1594100630
52,miramar,25.99,-80.23,81.0,83,1,4.83,US,1594100423
53,iqaluit,63.75,-68.51,48.2,76,90,0.16,CA,1594100630
54,turukhansk,65.82,87.98,61.56,89,100,2.51,RU,1594100631
55,raga,8.46,25.68,72.91,82,100,5.57,SS,1594100631
56,rikitea,-23.12,-134.97,72.82,81,99,11.77,PF,1594100631
57,east london,-33.02,27.91,59.0,77,61,17.22,ZA,1594100631
58,moundou,8.57,16.08,72.28,89,100,4.0,TD,1594100631
59,baturaden,-7.3,109.22,75.94,74,40,4.59,ID,1594100631
60,yavatmal,20.4,78.13,82.78,74,100,12.68,IN,1594100631
61,lopare,44.64,18.84,57.2,87,75,9.17,BA,1594100631
62,hobart,-42.88,147.33,48.2,57,75,8.05,AU,1594100451
63,talnakh,69.49,88.4,68.0,60,88,6.71,RU,1594100631
64,podgornoye,51.73,39.15,78.8,61,23,8.95,RU,1594100631
65,eyl,7.98,49.82,86.22,50,20,26.64,SO,1594100631
66,nouakchott,18.09,-15.98,78.8,83,40,5.82,MR,1594100631
67,chissamba,-12.17,17.33,46.78,53,59,3.56,AO,1594100631
68,gushikawa,26.35,127.87,89.6,70,75,16.11,JP,1594100631
69,new norfolk,-42.78,147.06,48.0,79,2,1.23,AU,1594100631
70,ponta do sol,32.67,-17.1,70.0,82,20,3.36,PT,1594100631
71,hay river,60.82,-115.8,60.8,77,75,4.7,CA,1594100631
72,clermont,49.5,2.42,53.01,100,0,3.69,FR,1594100632
73,nalut,30.33,10.85,74.25,38,0,9.64,LY,1594100632
74,provideniya,64.38,-173.3,44.6,93,90,11.18,RU,1594100632
75,cherskiy,68.75,161.3,65.14,43,27,11.86,RU,1594100632
76,longyearbyen,78.22,15.64,51.8,71,75,20.8,SJ,1594100481
77,clyde river,70.47,-68.59,39.2,93,90,8.05,CA,1594100632
78,saldanha,-33.01,17.94,50.0,81,33,2.24,ZA,1594100632
79,cabedelo,-6.98,-34.83,73.27,85,17,10.09,BR,1594100632
80,makungu,-8.73,35.28,61.92,68,76,6.17,TZ,1594100632
81,zhuhai,22.28,113.57,99.0,74,40,14.99,CN,1594100632
82,cape town,-33.93,18.42,55.4,66,40,3.36,ZA,1594100632
83,anito,12.45,125.29,87.8,64,11,7.7,PH,1594100632
84,thompson,55.74,-97.86,55.4,82,40,3.36,CA,1594100600
85,mar del plata,-38.0,-57.56,45.0,81,90,3.36,AR,1594100632
86,tezu,27.92,96.17,85.28,73,99,2.01,IN,1594100632
87,yellowknife,62.46,-114.35,59.0,54,20,12.75,CA,1594100632
88,aykhal,66.0,111.5,48.2,76,90,8.95,RU,1594100632
89,ambilobe,-13.2,49.05,76.96,75,100,6.96,MG,1594100632
90,thinadhoo,0.53,72.93,84.24,74,83,12.97,MV,1594100633
91,codrington,-38.27,141.97,54.88,72,57,5.64,AU,1594100633
92,khatanga,71.97,102.5,52.84,60,91,15.55,RU,1594100633
93,san quintin,30.48,-115.95,67.28,78,0,7.9,MX,1594100633
94,tuktoyaktuk,69.45,-133.04,41.0,93,75,9.17,CA,1594100633
95,haines junction,60.75,-137.51,55.65,55,86,5.14,CA,1594100633
96,mendi,-6.18,143.65,62.58,96,99,2.57,PG,1594100633
97,chapais,49.78,-74.85,66.2,48,90,10.29,CA,1594100633
98,tabory,58.52,64.55,82.09,54,11,2.51,RU,1594100633
99,jalu,29.03,21.55,75.15,72,0,12.06,LY,1594100633
100,kapit,2.02,112.93,83.91,87,78,3.06,MY,1594100633
101,carnarvon,-24.87,113.63,71.6,43,39,17.22,AU,1594100633
102,lingao,19.91,109.69,94.48,53,94,1.03,CN,1594100633
103,petropavlovsk-kamchatskiy,53.05,158.65,73.4,60,20,17.9,RU,1594100633
104,kysyl-syr,63.9,122.76,71.24,41,71,0.43,RU,1594100633
105,airai,-8.93,125.41,66.81,85,68,4.97,TL,1594100634
106,dingle,11.0,122.67,89.17,64,33,10.6,PH,1594100634
107,yulara,-25.24,130.99,64.4,27,0,8.05,AU,1594100634
108,zhuji,29.72,120.24,82.4,83,40,11.18,CN,1594100634
109,esperance,-33.87,121.9,62.6,67,2,14.99,AU,1594100634
110,stolin,51.89,26.85,58.93,94,74,10.94,BY,1594100634
111,dikson,73.51,80.55,51.3,60,39,13.0,RU,1594100634
112,salacgriva,57.75,24.36,57.0,84,81,5.01,LV,1594100634
113,coari,-4.08,-63.14,71.91,97,5,1.99,BR,1594100634
114,geraldton,-28.77,114.6,64.4,59,17,6.93,AU,1594100634
115,atuona,-9.8,-139.03,79.93,72,2,10.69,PF,1594100634
116,yantzaza,-3.83,-78.76,65.03,84,45,0.49,EC,1594100634
117,hobyo,5.35,48.53,83.1,62,100,20.83,SO,1594100634
118,upernavik,72.79,-56.15,42.12,70,74,9.35,GL,1594100634
119,ribeira grande,38.52,-28.7,68.02,88,7,10.36,PT,1594100634
120,port alfred,-33.59,26.89,63.0,77,47,11.01,ZA,1594100634
121,lorengau,-2.02,147.27,84.0,77,38,11.25,PG,1594100634
122,camacupa,-12.02,17.48,44.98,57,83,4.68,AO,1594100635
123,vaini,-21.2,-175.2,77.0,88,75,9.17,TO,1594100635
124,ostrovnoy,68.05,39.51,60.46,64,32,26.75,RU,1594100635
125,kattivakkam,13.22,80.32,93.2,49,40,11.41,IN,1594100635
126,salalah,17.02,54.09,82.4,83,90,3.36,OM,1594100635
127,tuatapere,-46.13,167.68,39.0,83,100,3.0,NZ,1594100635
128,bethel,41.37,-73.41,66.99,93,75,5.03,US,1594100635
129,nome,64.5,-165.41,48.2,87,90,11.41,US,1594100429
130,kodiak,57.79,-152.41,53.6,93,90,5.91,US,1594100635
131,kijang,35.24,129.21,80.6,69,75,16.11,KR,1594100635
132,kurumkan,54.3,110.3,81.64,39,98,1.57,RU,1594100635
133,ambulu,-8.35,113.61,84.52,65,45,9.53,ID,1594100635
134,marang,5.21,103.21,89.6,66,40,6.93,MY,1594100635
135,qaqortoq,60.72,-46.03,44.6,75,91,2.24,GL,1594100635
136,port elizabeth,-33.92,25.57,60.8,77,40,32.21,ZA,1594100635
137,puerto baquerizo moreno,-0.9,-89.6,67.33,92,70,10.98,EC,1594100635
138,madang,-5.22,145.8,84.85,68,75,6.67,PG,1594100635
139,fomboni,-12.28,43.74,78.89,76,1,17.74,KM,1594100635
140,hilo,19.73,-155.09,80.6,65,90,4.7,US,1594100379
141,dingzhou,38.51,115.0,89.6,52,75,4.47,CN,1594100636
142,meadow lake,34.8,-106.54,80.6,28,40,18.34,US,1594100636
143,filadelfia,39.95,-75.16,71.6,83,40,6.93,US,1594100421
144,igrim,63.19,64.42,81.99,40,70,5.3,RU,1594100636
145,novoilinsk,51.68,108.71,91.56,17,17,6.76,RU,1594100636
146,bara,10.37,10.73,74.59,85,43,6.8,NG,1594100636
147,oros,-6.24,-38.91,69.53,81,88,4.05,BR,1594100636
148,pacific grove,36.62,-121.92,57.2,82,90,9.17,US,1594100636
149,sao filipe,14.9,-24.5,73.63,80,78,4.43,CV,1594100636
150,beringovskiy,63.05,179.32,49.5,77,95,1.74,RU,1594100636
151,nara,34.69,135.8,80.01,88,75,17.22,JP,1594100408
152,utica,43.1,-75.23,69.8,64,1,4.7,US,1594100532
153,korocha,50.81,37.2,77.0,69,22,6.71,RU,1594100636
154,vereeniging,-26.67,27.93,48.0,48,0,2.19,ZA,1594100636
155,magole,-6.37,37.37,72.9,57,23,4.18,TZ,1594100636
156,evora,38.57,-7.9,68.0,68,0,2.24,PT,1594100636
157,ternate,0.8,127.4,83.52,74,71,4.27,ID,1594100636
158,bowen,-20.02,148.23,73.99,68,90,14.99,AU,1594100636
159,zaysan,47.47,84.87,72.32,46,100,8.41,KZ,1594100636
160,richards bay,-28.78,32.04,62.46,31,0,3.83,ZA,1594100636
161,moranbah,-22.0,148.05,69.03,55,63,14.27,AU,1594100637
162,dakar,14.69,-17.44,80.6,83,20,3.8,SN,1594100637
163,mao,39.89,4.27,71.6,64,0,14.99,ES,1594100637
164,itarema,-2.92,-39.92,74.37,92,38,8.14,BR,1594100637
165,hays,30.05,-98.03,82.0,76,71,5.01,US,1594100535
166,marsa matruh,31.35,27.25,71.6,88,20,6.93,EG,1594100637
167,tabasco,18.0,-92.67,77.59,92,82,4.97,MX,1594100637
168,husavik,66.04,-17.34,33.8,100,18,2.39,IS,1594100637
169,cabatuan,10.88,122.49,89.78,62,17,10.4,PH,1594100637
170,vila velha,-20.33,-40.29,66.0,93,0,2.24,BR,1594100637
171,sri aman,1.24,111.46,84.2,83,75,3.36,MY,1594100637
172,namibe,-15.2,12.15,66.16,69,0,6.15,AO,1594100637
173,ancud,-41.87,-73.82,37.0,100,94,2.24,CL,1594100637
174,tiksi,71.69,128.87,37.72,88,96,7.2,RU,1594100637
175,nhulunbuy,-12.23,136.77,80.6,65,75,14.99,AU,1594100637
176,arraial do cabo,-22.97,-42.03,71.46,90,0,10.02,BR,1594100637
177,margate,51.38,1.39,60.01,69,33,1.99,GB,1594100637
178,la cruz,23.92,-106.9,82.0,76,100,1.01,MX,1594100637
179,padang,-0.95,100.35,84.61,68,67,5.17,ID,1594100638
180,klaksvik,62.23,-6.59,44.6,81,95,18.34,FO,1594100638
181,narsaq,60.92,-46.05,44.6,75,96,2.24,GL,1594100638
182,kargil,34.57,76.1,61.88,29,0,1.23,IN,1594100638
183,waterloo,43.47,-80.52,71.01,93,1,1.72,CA,1594100610
184,almeirim,-1.52,-52.58,72.77,93,31,2.77,BR,1594100638
185,santa fe,-31.63,-60.7,48.0,80,83,4.0,AR,1594100348
186,guerrero negro,27.98,-114.06,69.08,76,0,9.04,MX,1594100638
187,key west,24.56,-81.78,86.0,66,1,5.82,US,1594100441
188,royan,45.63,-1.03,55.99,71,25,4.7,FR,1594100638
189,portland,45.52,-122.68,62.6,67,90,5.82,US,1594100635
190,russell,32.35,-85.2,77.0,94,40,1.23,US,1594100638
191,sisimiut,66.94,-53.67,45.32,80,100,1.68,GL,1594100638
192,naze,28.37,129.48,86.0,89,75,14.99,JP,1594100638
193,muravlenko,63.79,74.52,77.2,48,23,14.09,RU,1594100638
194,paamiut,61.99,-49.67,41.16,92,100,15.21,GL,1594100638
195,trelew,-43.25,-65.31,36.37,83,0,10.85,AR,1594100638
196,le port,-20.94,55.29,75.2,78,10,18.34,RE,1594100638
197,taybad,34.74,60.78,86.58,13,0,21.88,IR,1594100638
198,santa engracia,41.94,-1.32,59.0,62,0,18.34,ES,1594100638
199,fortuna,40.6,-124.16,57.0,82,90,9.17,US,1594100638
200,honiara,-9.43,159.95,87.8,74,20,11.41,SB,1594100639
201,hamilton,39.18,-84.53,72.0,94,1,5.82,US,1594100639
202,rio grande,-32.03,-52.1,51.26,77,100,9.86,BR,1594100639
203,ahipara,-35.17,173.17,54.99,72,29,13.15,NZ,1594100639
204,alindao,5.03,21.21,70.48,96,100,3.38,CF,1594100639
205,saint george,37.1,-113.58,89.6,4,1,10.29,US,1594100639
206,siderno,38.28,16.3,75.99,83,40,6.93,IT,1594100639
207,antofagasta,-23.65,-70.4,57.2,82,90,3.36,CL,1594100639
208,malanje,-9.54,16.34,52.83,42,6,6.76,AO,1594100639
209,bambous virieux,-20.34,57.76,77.0,88,75,6.93,MU,1594100639
210,manaure,11.78,-72.44,79.9,81,20,10.89,CO,1594100639
211,pokosnoye,55.53,101.05,84.25,39,38,6.53,RU,1594100639
212,shache,38.42,77.24,92.37,13,0,6.93,CN,1594100370
213,ghanzi,-21.57,21.78,49.6,42,0,6.76,BW,1594100639
214,port hardy,50.7,-127.42,57.2,76,90,5.82,CA,1594100572
215,farah,32.5,62.5,88.41,12,40,8.08,AF,1594100639
216,port blair,11.67,92.75,82.44,78,100,9.84,IN,1594100352
217,labuhan,-6.88,112.21,85.8,63,62,3.53,ID,1594100640
218,kuryk,43.2,51.65,95.56,17,0,8.63,KZ,1594100640
219,kudahuvadhoo,2.67,72.89,84.2,74,98,10.07,MV,1594100640
220,namatanai,-3.67,152.43,82.65,78,43,9.69,PG,1594100640
221,wuning,29.26,120.23,77.34,94,100,4.25,CN,1594100640
222,pisco,-13.7,-76.22,60.01,93,40,2.24,PE,1594100412
223,saint-philippe,-21.36,55.77,71.6,94,75,18.34,RE,1594100640
224,alofi,-19.06,-169.92,75.2,83,28,6.93,NU,1594100492
225,pangai,-19.8,-174.35,78.8,83,75,16.11,TO,1594100640
226,rawson,-43.3,-65.1,38.55,78,0,13.2,AR,1594100563
227,san policarpo,12.18,125.51,85.96,70,33,7.65,PH,1594100640
228,vila,42.03,-8.16,64.0,85,3,1.01,PT,1594100640
229,keokuk,40.4,-91.38,75.0,100,1,0.51,US,1594100640
230,saint-raphael,19.43,-72.2,73.27,91,95,1.28,HT,1594100640
231,nanortalik,60.14,-45.24,40.39,83,94,1.88,GL,1594100640
232,arya,33.6,73.07,95.0,47,0,3.91,PK,1594100622
233,srednekolymsk,67.45,153.68,54.95,80,100,7.18,RU,1594100640
234,kungurtug,50.6,97.52,78.49,35,94,4.47,RU,1594100640
235,da lat,11.95,108.44,76.77,64,1,5.93,VN,1594100640
236,the valley,18.22,-63.06,82.4,83,20,14.99,AI,1594100641
237,mopipi,-21.18,24.88,50.13,47,0,7.34,BW,1594100641
238,maldonado,-34.67,-54.92,48.2,81,75,6.93,UY,1594100641
239,ugoofaaru,5.67,73.0,83.71,66,99,4.74,MV,1594100641
240,pravdinskiy,56.07,37.85,78.01,57,0,6.71,RU,1594100641
241,oranjemund,-28.55,16.43,56.79,81,100,8.72,NA,1594100641
242,miracema do tocantins,-9.56,-48.4,70.2,54,0,2.82,BR,1594100641
243,poya,-21.35,165.15,70.75,62,98,6.87,NC,1594100641
244,fort morgan,40.25,-103.8,73.4,33,1,9.17,US,1594100641
245,belyy yar,53.6,91.39,75.2,64,76,2.24,RU,1594100641
246,pimentel,-6.84,-79.93,63.16,85,100,14.65,PE,1594100641
247,peleduy,59.63,112.74,67.1,66,94,5.61,RU,1594100641
248,pokhara,28.23,83.98,79.56,76,100,4.34,NP,1594100568
249,paita,-5.09,-81.11,63.97,84,96,12.5,PE,1594100641
250,mazarron,37.6,-1.31,73.0,59,0,1.01,ES,1594100641
251,sao joao da barra,-21.64,-41.05,68.16,88,0,6.51,BR,1594100621
252,moron,-34.65,-58.62,46.0,100,34,2.24,AR,1594100641
253,kirensk,57.79,108.11,84.04,34,81,8.7,RU,1594100641
254,fort-shevchenko,44.51,50.26,93.61,25,0,11.79,KZ,1594100642
255,alice springs,-23.7,133.88,60.8,29,0,8.05,AU,1594100608
256,mahebourg,-20.41,57.7,75.2,88,75,6.93,MU,1594100642
257,acari,-15.43,-74.62,60.06,67,72,5.93,PE,1594100642
258,praia da vitoria,38.73,-27.07,68.0,94,40,8.55,PT,1594100642
259,dunedin,-45.87,170.5,45.0,84,99,10.0,NZ,1594100642
260,broome,42.25,-75.83,66.99,88,1,9.17,US,1594100642
261,marawi,8.0,124.29,84.99,78,86,7.0,PH,1594100642
262,berlevag,70.86,29.09,48.2,87,75,14.99,NO,1594100642
263,aklavik,68.22,-135.01,48.2,76,20,10.29,CA,1594100642
264,coos bay,43.37,-124.22,59.0,77,90,3.36,US,1594100642
265,chuy,-33.7,-53.46,45.86,79,97,5.7,UY,1594100642
266,tabou,4.42,-7.35,74.8,83,100,6.55,CI,1594100642
267,boulder,40.08,-105.35,75.99,27,1,4.7,US,1594100642
268,te anau,-45.42,167.72,39.65,89,90,7.23,NZ,1594100642
269,vardo,70.37,31.11,48.2,93,75,11.41,NO,1594100642
270,tara,56.89,74.37,72.37,74,72,3.38,RU,1594100643
271,birin,26.89,88.07,80.6,100,75,8.05,NP,1594100643
272,rocha,-34.48,-54.33,45.82,86,69,3.78,UY,1594100643
273,faanui,-16.48,-151.75,78.8,79,44,13.33,PF,1594100643
274,lasa,46.62,10.7,48.2,81,5,6.93,IT,1594100643
275,svetlyy,54.67,20.13,57.2,87,40,13.42,RU,1594100643
276,jinchang,38.5,102.17,93.16,14,39,9.17,CN,1594100643
277,jos,9.92,8.9,66.16,89,97,4.25,NG,1594100643
278,takoradi,4.88,-1.76,76.21,88,99,10.0,GH,1594100643
279,aboso,5.36,-1.95,73.06,95,99,3.76,GH,1594100643
280,leh,34.17,77.58,62.91,28,6,5.08,IN,1594100643
281,daru,-9.08,143.21,78.73,81,60,18.72,PG,1594100643
282,kirakira,-10.45,161.92,82.36,79,51,11.25,SB,1594100643
283,cordoba,-31.41,-64.18,45.0,70,96,3.36,AR,1594100352
284,abdulino,53.7,53.67,79.36,64,3,2.64,RU,1594100643
285,fort frances,48.6,-93.4,62.01,93,1,3.36,CA,1594100643
286,vestmannaeyjar,63.44,-20.27,51.13,86,42,9.13,IS,1594100644
287,barzas,55.72,86.32,73.4,60,40,8.95,RU,1594100644
288,cap-chat,49.1,-66.68,56.44,87,33,3.69,CA,1594100644
289,awjilah,29.11,21.29,74.82,74,0,12.5,LY,1594100644
290,seoul,37.57,126.98,80.6,65,75,4.7,KR,1594100439
291,vila franca do campo,37.72,-25.43,66.2,93,40,12.75,PT,1594100644
292,taoudenni,22.68,-3.98,93.43,11,0,4.88,ML,1594100644
293,yar-sale,66.83,70.83,79.63,43,19,10.2,RU,1594100644
294,narrabri,-30.32,149.78,66.2,32,0,6.93,AU,1594100644
295,san cristobal,7.77,-72.22,66.33,74,85,1.21,VE,1594100644
296,sept-iles,50.2,-66.38,46.4,93,20,2.24,CA,1594100644
297,marsh harbour,26.54,-77.06,83.44,76,74,8.08,BS,1594100644
298,bubaque,11.28,-15.83,80.38,80,98,12.73,GW,1594100644
299,gizo,-8.1,156.84,83.16,75,84,8.01,SB,1594100644
300,mareeba,-17.0,145.43,77.0,61,75,16.11,AU,1594100644
301,kaihua,23.37,104.28,80.67,67,100,11.61,CN,1594100644
302,koronowo,53.31,17.94,57.99,71,40,13.87,PL,1594100644
303,roblin,51.23,-101.36,55.98,91,0,4.14,CA,1594100644
304,mazabuka,-15.86,27.75,56.53,53,3,7.16,ZM,1594100645
305,mitsamiouli,-11.38,43.28,79.09,71,0,13.73,KM,1594100645
306,ilulissat,69.22,-51.1,51.8,50,100,17.22,GL,1594100645
307,hofn,64.25,-15.21,48.78,78,0,4.76,IS,1594100645
308,eten,-6.91,-79.86,63.27,84,100,14.29,PE,1594100645
309,bucerias,20.75,-105.33,82.4,94,90,3.36,MX,1594100645
310,hami,42.8,93.45,96.46,14,15,8.41,CN,1594100645
311,porto novo,6.5,2.6,78.8,88,40,10.29,BJ,1594100645
312,victoria,22.29,114.16,91.99,70,100,18.01,HK,1594100464
313,koshurnikovo,54.17,93.3,69.46,76,95,5.73,RU,1594100645
314,georgetown,5.41,100.34,86.0,79,20,8.05,MY,1594100645
315,avera,33.19,-82.53,73.4,95,90,9.17,US,1594100645
316,borujerd,33.9,48.75,89.6,14,14,6.93,IR,1594100645
317,emerald,-23.53,148.17,77.0,23,0,9.17,AU,1594100645
318,mombaca,-5.74,-39.63,70.09,93,99,3.58,BR,1594100645
319,karasuk,53.74,78.04,76.41,49,100,8.57,RU,1594100645
320,port-gentil,-0.72,8.78,75.2,88,40,9.17,GA,1594100645
321,sarahan,31.52,77.8,75.78,45,36,7.47,IN,1594100646
322,leninskoye,47.94,132.62,65.59,96,100,7.2,RU,1594100646
323,chokurdakh,70.63,147.92,39.9,94,100,10.76,RU,1594100646
324,yerbogachen,61.28,108.01,59.13,84,99,8.19,RU,1594100646
325,ikom,5.97,8.71,73.11,97,100,1.86,NG,1594100646
326,prince rupert,54.32,-130.32,55.4,93,90,2.24,CA,1594100646
327,kruisfontein,-34.0,24.73,56.95,74,59,23.71,ZA,1594100646
328,sao felix do xingu,-6.64,-51.99,68.86,78,8,1.21,BR,1594100646
329,alyangula,-13.85,136.42,82.4,48,0,9.17,AU,1594100646
330,rio brilhante,-21.8,-54.55,65.91,69,0,2.89,BR,1594100646
331,lagoa,39.05,-27.98,66.92,91,4,9.44,PT,1594100646
332,talara,-4.58,-81.27,65.05,83,78,16.62,PE,1594100646
333,jiazi,22.88,116.07,87.21,73,97,13.96,CN,1594100646
334,navrongo,10.9,-1.09,77.09,78,87,6.85,GH,1594100646
335,cabo san lucas,22.89,-109.91,84.99,53,20,10.65,MX,1594100646
336,thanh hoa,19.8,105.77,98.67,45,98,10.45,VN,1594100568
337,vicente guerrero,19.12,-98.17,58.84,82,100,1.68,MX,1594100646
338,ouro preto do oeste,-10.75,-62.22,72.59,73,62,0.96,BR,1594100647
339,ikeda,34.82,135.43,78.8,88,75,10.29,JP,1594100647
340,torbay,47.67,-52.73,48.99,93,90,3.36,CA,1594100647
341,auki,-8.77,160.7,82.24,79,28,1.74,SB,1594100647
342,leningradskiy,69.38,178.42,44.47,77,97,3.98,RU,1594100647
343,dom pedrito,-30.98,-54.67,43.72,85,100,9.42,BR,1594100647
344,upala,10.9,-85.01,74.48,89,74,2.8,CR,1594100647
345,mana,5.66,-53.78,76.91,89,25,7.25,GF,1594100647
346,cidreira,-30.18,-50.21,56.12,85,100,13.18,BR,1594100647
347,mahajanga,-15.72,46.32,75.2,50,20,10.29,MG,1594100647
348,coro,11.4,-69.67,77.77,83,87,9.84,VE,1594100647
349,nioro,13.35,-15.75,78.87,84,76,5.1,GM,1594100647
350,bengkulu,-3.8,102.27,90.3,54,88,7.72,ID,1594100566
351,humaita,-7.51,-63.02,76.05,71,23,0.92,BR,1594100647
352,kaset sombun,16.28,101.95,91.2,56,80,5.55,TH,1594100647
353,port-cartier,50.03,-66.87,46.4,93,20,2.24,CA,1594100647
354,lata,40.16,-8.33,64.0,87,0,1.5,PT,1594100648
355,tiarei,-17.53,-149.33,77.0,83,75,6.93,PF,1594100648
356,south sioux city,42.47,-96.41,78.01,83,1,5.82,US,1594100648
357,malumfashi,11.79,7.62,73.92,71,93,6.82,NG,1594100648
358,santarem,-2.44,-54.71,75.2,94,20,3.58,BR,1594100648
359,saint-malo,48.5,-1.83,53.01,100,14,4.7,FR,1594100648
360,pampa,35.54,-100.96,75.2,73,1,9.17,US,1594100429
361,manokwari,-0.87,134.08,78.03,85,99,2.48,ID,1594100648
362,umm lajj,25.02,37.27,90.61,32,91,2.37,SA,1594100648
363,telde,27.99,-15.42,72.0,83,0,2.24,ES,1594100648
364,karratha,-20.74,116.85,80.89,18,0,15.82,AU,1594100648
365,fairbanks,64.84,-147.72,70.0,60,90,3.36,US,1594100402
366,marfino,55.7,37.38,78.01,69,0,6.71,RU,1594100648
367,ascension,30.22,-90.9,75.0,94,94,3.36,US,1594100648
368,chara,56.91,118.26,68.67,46,100,2.73,RU,1594100648
369,koumac,-20.57,164.28,71.46,64,100,10.4,NC,1594100648
370,pingliang,35.54,106.69,90.5,22,0,14.5,CN,1594100648
371,den helder,52.96,4.76,59.0,77,90,11.41,NL,1594100648
372,anantnag,33.73,75.15,81.12,39,0,2.08,IN,1594100648
373,salamiyah,35.01,37.05,85.68,40,0,14.65,SY,1594100649
374,basco,20.45,121.97,84.58,80,87,13.2,PH,1594100649
375,san patricio,19.22,-104.7,79.83,87,98,2.53,MX,1594100649
376,fuengirola,36.54,-4.62,73.99,68,0,4.7,ES,1594100649
377,hithadhoo,-0.6,73.08,84.33,75,100,16.28,MV,1594100649
378,impfondo,1.64,18.07,72.97,83,93,2.64,CG,1594100649
379,salinopolis,-0.61,-47.36,78.31,85,24,7.49,BR,1594100649
380,djibo,14.1,-1.63,84.76,52,54,13.31,BF,1594100649
381,ambon,-3.7,128.18,84.2,70,40,10.29,ID,1594100649
382,nantucket,41.28,-70.1,60.8,87,90,8.05,US,1594100413
383,ambanja,-13.68,48.45,77.14,68,96,0.72,MG,1594100649
384,beloha,-25.17,45.05,68.58,70,2,12.64,MG,1594100649
385,ormara,25.21,64.64,86.68,77,62,8.99,PK,1594100649
386,olafsvik,64.89,-23.71,51.17,70,76,6.24,IS,1594100649
387,zhengjiatun,43.51,123.51,78.21,42,0,12.75,CN,1594100649
388,ust-maya,60.42,134.53,75.43,40,11,1.66,RU,1594100649
389,kasba,25.85,87.55,91.89,64,22,15.23,IN,1594100650
390,ayan,56.45,138.17,51.42,80,100,6.44,RU,1594100650
391,dauphin,51.15,-100.05,60.8,82,1,9.17,CA,1594100650
392,woodstock,43.13,-80.75,72.0,64,5,3.36,CA,1594100650
393,birganj,27.01,84.88,92.93,56,100,16.4,NP,1594100451
394,hasaki,35.73,140.83,84.0,83,75,18.34,JP,1594100650
395,gimli,50.63,-96.99,66.0,99,0,9.71,CA,1594100650
396,fougamou,-1.22,10.58,71.26,92,99,1.54,GA,1594100650
397,bintulu,3.17,113.03,87.8,79,40,3.36,MY,1594100437
398,coquimbo,-29.95,-71.34,53.6,87,56,2.24,CL,1594100650
399,abha,18.22,42.51,78.8,41,46,1.12,SA,1594100650
400,acapulco,16.86,-99.89,80.13,75,100,7.07,MX,1594100650
401,ajaigarh,24.9,80.27,86.61,67,100,3.49,IN,1594100650
402,causwagan,8.45,125.84,85.86,78,100,2.75,PH,1594100650
403,nenjiang,49.18,125.22,74.88,45,1,13.11,CN,1594100650
404,maningrida,-12.07,134.27,84.13,49,25,9.98,AU,1594100650
405,mogadishu,2.04,45.34,77.0,69,20,6.93,SO,1594100650
406,mount isa,-20.73,139.5,77.0,14,0,3.36,AU,1594100650
407,henties bay,-22.12,14.28,53.01,92,0,1.01,NA,1594100650
408,sangar,63.92,127.47,67.71,33,16,5.64,RU,1594100651
409,careiro da varzea,-3.2,-59.81,82.4,83,20,2.24,BR,1594100651
410,macusani,-14.08,-70.43,32.72,93,69,2.84,PE,1594100651
411,sinnamary,5.38,-52.95,77.52,86,25,7.78,GF,1594100651
412,faya,18.39,42.45,78.8,41,46,3.11,SA,1594100651
413,lockerbie,55.12,-3.36,55.99,93,100,6.93,GB,1594100651
414,misratah,32.38,15.09,75.11,77,0,16.93,LY,1594100651
415,marzuq,14.4,46.47,83.93,42,87,6.35,YE,1594100651
416,pittsburg,38.03,-121.88,62.01,63,1,18.34,US,1594100651
417,verkhnevilyuysk,63.45,120.32,69.66,38,30,3.62,RU,1594100651
418,mandalgovi,45.76,106.27,86.85,18,96,14.72,MN,1594100651
419,mount pleasant,32.79,-79.86,78.01,100,75,3.29,US,1594100651
420,khorinsk,52.17,109.77,87.84,22,22,4.05,RU,1594100651
421,humboldt,40.67,-123.92,57.0,82,90,9.17,US,1594100651
422,deputatskiy,69.3,139.9,51.91,76,95,6.42,RU,1594100651
423,fallon,39.47,-118.78,78.8,9,1,13.87,US,1594100414
424,harindanga,22.04,88.32,91.4,89,75,6.93,IN,1594100651
425,hervey bay,-25.3,152.85,69.01,66,3,7.0,AU,1594100651
426,batangafo,7.3,18.28,71.24,94,100,4.32,CF,1594100651
427,lavrentiya,65.58,-171.0,46.26,86,61,9.37,RU,1594100651
428,imbituba,-28.24,-48.67,59.0,93,90,3.36,BR,1594100652
429,levokumskoye,44.82,44.66,94.62,20,0,19.19,RU,1594100652
430,kaeo,-35.1,173.78,53.01,3,7,5.01,NZ,1594100652
431,sangin,32.07,64.84,99.63,10,0,13.31,AF,1594100652
432,adre,13.47,22.2,75.94,73,48,8.88,TD,1594100652
433,tazovskiy,67.47,78.7,60.73,66,1,13.51,RU,1594100652
434,abu samrah,35.3,37.18,84.83,43,0,13.22,SY,1594100652
435,zhob,31.34,69.45,87.26,28,1,0.81,PK,1594100652
436,price,39.6,-110.81,71.6,17,1,6.93,US,1594100652
437,zalantun,48.0,122.72,82.15,26,6,10.8,CN,1594100652
438,mayumba,-3.43,10.66,70.77,92,59,2.28,GA,1594100652
439,katima mulilo,-17.5,24.27,37.4,74,0,1.12,NA,1594100652
440,sudak,44.85,34.97,85.3,56,0,0.54,UA,1594100652
441,salinas,36.68,-121.66,60.8,67,1,16.11,US,1594100352
442,rosarito,32.33,-117.03,71.01,88,1,3.36,MX,1594100652
443,koungou,-12.73,45.2,80.6,69,90,17.22,YT,1594100652
444,huarmey,-10.07,-78.15,60.93,85,94,6.64,PE,1594100652
445,ducheng,23.24,111.53,94.21,53,100,4.9,CN,1594100652
446,chemal,51.41,86.0,70.97,70,43,4.65,RU,1594100652
447,aswan,24.09,32.91,93.34,13,41,7.4,EG,1594100652
448,mezhdurechensk,53.69,88.06,72.03,67,73,5.37,RU,1594100653
449,kavali,14.92,79.98,92.44,49,100,14.03,IN,1594100389
450,evensk,61.95,159.23,53.37,78,57,13.24,RU,1594100653
451,poum,-20.23,164.02,70.93,65,100,7.67,NC,1594100653
452,cockburn town,21.46,-71.14,83.28,78,14,18.79,TC,1594100653
453,sitka,57.05,-135.33,55.4,82,90,6.93,US,1594100653
454,twin falls,42.56,-114.46,78.8,55,1,10.29,US,1594100362
455,salta,-24.79,-65.41,44.6,81,90,2.24,AR,1594100547
456,barrhead,55.8,-4.39,52.0,87,75,5.82,GB,1594100653
457,aitape,-3.14,142.35,82.67,78,92,9.84,PG,1594100653
458,gorontalo,0.54,123.06,86.34,63,3,9.15,ID,1594100653
459,trincomalee,8.57,81.23,89.89,60,18,13.18,LK,1594100653
460,axim,4.87,-2.24,76.32,88,100,8.28,GH,1594100653
461,teknaf,20.86,92.31,85.68,80,96,10.8,BD,1594100653
462,taft,31.75,54.21,86.0,16,20,9.17,IR,1594100653
463,junction city,39.03,-96.83,75.99,88,1,3.36,US,1594100355
464,luganville,-15.53,167.17,78.8,83,90,8.05,VU,1594100653
465,nevel,56.02,29.93,60.04,97,100,1.95,RU,1594100653
466,thames,-37.13,175.53,55.0,82,68,3.0,NZ,1594100654
467,nkowakowa,-23.89,30.29,53.6,27,0,5.82,ZA,1594100654
468,sorland,67.67,12.69,50.0,81,75,9.17,NO,1594100654
469,borogontsy,62.67,131.17,68.18,41,78,1.86,RU,1594100654
470,xiangxiang,27.73,112.53,88.74,73,100,8.16,CN,1594100654
471,atasu,48.68,71.64,75.65,40,22,4.45,KZ,1594100654
472,pasighat,28.07,95.33,85.21,75,95,3.78,IN,1594100654
473,touros,-5.2,-35.46,69.8,100,11,4.7,BR,1594100654
474,shimoda,34.67,138.95,80.6,88,75,24.16,JP,1594100654
475,fonte boa,-2.5,-66.27,71.44,98,100,2.21,BR,1594100654
476,gigmoto,13.78,124.39,86.7,69,44,7.38,PH,1594100654
477,ketchikan,55.34,-131.65,57.2,82,90,11.41,US,1594100654
478,iwanai,42.97,140.51,75.45,81,87,2.98,JP,1594100654
479,college,64.86,-147.8,70.0,60,75,3.36,US,1594100654
480,foumban,5.73,10.9,63.64,100,100,0.78,CM,1594100654
481,nuuk,64.18,-51.72,42.8,81,100,29.97,GL,1594100450
482,muros,42.78,-9.06,63.0,79,0,5.01,ES,1594100654
483,helena,46.59,-112.04,64.4,55,1,10.29,US,1594100430
484,askino,56.09,56.58,78.12,67,1,0.13,RU,1594100654
485,batemans bay,-35.72,150.18,55.99,78,35,1.01,AU,1594100654
486,erice,38.04,12.59,71.6,88,40,2.24,IT,1594100655
487,los llanos de aridane,28.66,-17.92,69.8,88,20,11.41,ES,1594100655
488,norman wells,65.28,-126.83,53.6,71,75,11.41,CA,1594100655
489,miles city,46.41,-105.84,64.4,77,1,5.82,US,1594100655
490,huangchuan,32.13,115.04,90.46,63,53,3.51,CN,1594100655
491,ingham,42.6,-84.38,75.0,78,1,4.05,US,1594100655
492,mayo,38.89,-76.51,72.0,100,40,9.17,US,1594100655
493,port lincoln,-34.73,135.87,55.18,61,1,9.48,AU,1594100655
494,betong,5.77,101.07,81.5,86,100,2.33,TH,1594100655
495,broken hill,-31.95,141.43,53.6,54,0,12.75,AU,1594100655
496,whitley bay,55.04,-1.45,52.0,81,20,8.05,GB,1594100655
497,susurluk,39.91,28.16,77.0,78,20,5.06,TR,1594100655
498,adamclisi,44.08,27.95,81.0,65,8,5.82,RO,1594100655
499,tessalit,20.2,1.01,86.23,13,0,8.46,ML,1594100655
500,kokopo,-4.35,152.26,84.56,69,53,9.82,PG,1594100655
501,honningsvag,70.98,25.97,48.2,87,75,20.8,NO,1594100655
502,kalmunai,7.42,81.82,90.32,51,33,3.51,LK,1594100655
503,ballina,-28.87,153.57,66.2,68,40,14.99,AU,1594100655
504,macau,22.2,113.55,87.8,74,40,14.99,MO,1594100477
505,phonhong,18.5,102.42,89.6,75,75,4.7,LA,1594100656
506,balestrand,61.21,6.53,46.99,75,20,5.82,NO,1594100656
507,valparaiso,-33.04,-71.63,41.0,100,55,2.24,CL,1594100656
508,mehamn,71.04,27.85,46.4,93,90,13.87,NO,1594100656
509,kieta,-6.22,155.63,82.92,73,94,4.94,PG,1594100656
510,tavricheskoye,54.59,73.64,75.2,53,40,4.47,RU,1594100529
511,morehead,37.27,-87.18,73.99,100,1,0.85,US,1594100656
512,teguldet,57.31,88.17,75.9,44,75,7.58,RU,1594100656
513,virginia beach,36.85,-75.98,81.0,83,20,6.93,US,1594100603
514,znamenskoye,57.13,73.83,74.39,68,49,3.0,RU,1594100656
515,brownwood,31.71,-98.99,77.0,78,90,4.14,US,1594100656
516,san andres,12.58,-81.7,82.4,83,40,6.93,CO,1594100656
517,coahuayana,18.73,-103.68,78.87,82,95,1.48,MX,1594100656
518,marrakesh,31.63,-8.01,86.27,15,85,4.0,MA,1594100656
519,charters towers,-20.1,146.27,70.5,55,91,12.66,AU,1594100656
520,chiredzi,-21.05,31.67,58.77,49,0,2.24,ZW,1594100656
521,pavilosta,56.89,21.19,59.0,82,72,16.11,LV,1594100656
522,ruston,32.52,-92.64,75.2,94,40,2.98,US,1594100656
523,jawhar,2.78,45.5,79.63,70,96,15.75,SO,1594100656
524,mazyr,52.05,29.25,71.17,86,34,6.4,BY,1594100656
525,sobolevo,54.43,31.9,70.9,87,7,6.69,RU,1594100656
526,constitucion,-35.33,-72.42,47.3,74,74,3.27,CL,1594100657
527,batagay-alyta,67.8,130.41,61.79,36,33,1.88,RU,1594100657
528,chicama,-7.84,-79.15,61.95,83,100,6.08,PE,1594100657
529,sola,-13.88,167.55,79.21,83,100,24.94,VU,1594100657
530,abu kamal,34.45,40.92,94.68,23,0,12.19,SY,1594100657
531,mackenzie,55.3,-123.17,57.2,82,40,2.24,CA,1594100657
532,skibotn,69.39,20.27,48.2,93,75,2.24,NO,1594100657
533,port moresby,-9.44,147.18,86.0,70,40,17.22,PG,1594100657
534,pringsewu,-5.36,104.97,80.56,75,92,3.76,ID,1594100468
535,mwinilunga,-11.74,24.43,51.17,50,37,3.71,ZM,1594100657
536,mezobereny,46.82,21.03,61.0,91,95,5.01,HU,1594100657
537,maku,39.29,44.45,74.73,28,0,5.7,IR,1594100657
538,urumqi,43.8,87.6,69.8,64,20,6.71,CN,1594100657
539,mon,26.75,95.1,82.06,89,100,1.92,IN,1594100657
540,jiblah,13.92,44.15,72.46,53,58,2.73,YE,1594100657
541,pochutla,15.74,-96.47,75.81,80,94,6.4,MX,1594100657
542,zhangye,38.93,100.45,95.45,14,53,13.42,CN,1594100657
543,palmerston,-12.49,130.98,88.0,22,0,5.82,AU,1594100657
544,sandpoint,48.28,-116.55,60.01,67,1,1.48,US,1594100657
545,mocuba,-16.84,36.99,67.15,81,90,2.68,MZ,1594100657
546,paraiso,9.84,-83.87,71.6,78,81,9.17,CR,1594100657
547,skala,50.23,19.85,57.2,71,99,9.17,PL,1594100658
548,okha,53.57,142.95,51.4,97,100,11.36,RU,1594100658
549,saint-pierre,-21.34,55.48,73.4,94,90,18.34,RE,1594100658
550,xiaolingwei,32.03,118.85,89.6,75,40,4.47,CN,1594100658
551,garowe,8.41,48.48,79.23,51,52,26.84,SO,1594100658
552,tecoanapa,16.52,-98.75,78.1,86,97,9.95,MX,1594100658
553,dabakala,8.37,-4.43,71.4,92,83,3.85,CI,1594100658
554,hermosillo,29.07,-110.97,91.99,39,20,7.0,MX,1594100658
555,tamiahua,21.27,-97.45,80.38,91,66,10.76,MX,1594100658
556,pitmoaga,12.24,-1.88,77.0,88,100,4.7,BF,1594100658
557,kaya,13.09,-1.08,81.61,62,84,11.99,BF,1594100658
558,conceicao do araguaia,-8.26,-49.26,70.36,60,0,1.83,BR,1594100658
559,jishui,33.73,115.4,100.24,35,22,6.96,CN,1594100658
560,chipinge,-20.19,32.62,57.4,42,0,1.92,ZW,1594100658
561,tateyama,34.98,139.87,82.4,83,75,21.92,JP,1594100477
562,shiroishi,38.0,140.62,80.01,88,75,3.36,JP,1594100658
563,kerema,-7.96,145.78,80.35,81,47,11.27,PG,1594100658
564,kresttsy,58.25,32.52,61.75,90,100,3.51,RU,1594100658
565,yining,29.04,114.56,82.45,88,99,1.52,CN,1594100658
566,vallenar,-28.57,-70.76,50.63,73,100,4.25,CL,1594100658
